codigo,municipio,departamento
91001,leticia,amazonas
91263,el_encanto,amazonas
91405,la_chorrera,amazonas
91407,la_pedrera,amazonas
91430,la_victoria,amazonas
91460,miriti_parana,amazonas
91530,puerto_alegria,amazonas
91536,puerto_arica,amazonas
91540,puerto_narino,amazonas
91669,puerto_santander,amazonas
91798,tarapaca,amazonas
5001,medellin,antioquia
5002,abejorral,antioquia
5004,abriaqui,antioquia
5021,alejandria,antioquia
5030,amaga,antioquia
5031,amalfi,antioquia
5034,andes,antioquia
5036,angelopolis,antioquia
5038,angostura,antioquia
5040,anori,antioquia
5042,santafe_de_antioquia,antioquia
5044,anza,antioquia
5045,apartado,antioquia
5051,arboletes,antioquia
5055,argelia,antioquia
5059,armenia,antioquia
5079,barbosa,antioquia
5086,belmira,antioquia
5088,bello,antioquia
5091,betania,antioquia
5093,betulia,antioquia
5101,ciudad_bolivar,antioquia
5107,briceno,antioquia
5113,buritica,antioquia
5120,caceres,antioquia
5125,caicedo,antioquia
5129,caldas,antioquia
5134,campamento,antioquia
5138,canasgordas,antioquia
5142,caracoli,antioquia
5145,caramanta,antioquia
5147,carepa,antioquia
5148,el_carmen_de_viboral,antioquia
5150,carolina,antioquia
5154,caucasia,antioquia
5172,chigorodo,antioquia
5190,cisneros,antioquia
5197,cocorna,antioquia
5206,concepcion,antioquia
5209,concordia,antioquia
5212,copacabana,antioquia
5234,dabeiba,antioquia
5237,donmatias,antioquia
5240,ebejico,antioquia
5250,el_bagre,antioquia
5264,entrerrios,antioquia
5266,envigado,antioquia
5282,fredonia,antioquia
5284,frontino,antioquia
5306,giraldo,antioquia
5308,girardota,antioquia
5310,gomez_plata,antioquia
5313,granada,antioquia
5315,guadalupe,antioquia
5318,guarne,antioquia
5321,guatape,antioquia
5347,heliconia,antioquia
5353,hispania,antioquia
5360,itagui,antioquia
5361,ituango,antioquia
5364,jardin,antioquia
5368,jerico,antioquia
5376,la_ceja,antioquia
5380,la_estrella,antioquia
5390,la_pintada,antioquia
5400,la_union,antioquia
5411,liborina,antioquia
5425,maceo,antioquia
5440,marinilla,antioquia
5467,montebello,antioquia
5475,murindo,antioquia
5480,mutata,antioquia
5483,narino,antioquia
5490,necocli,antioquia
5495,nechi,antioquia
5501,olaya,antioquia
5541,penol,antioquia
5543,peque,antioquia
5576,pueblorrico,antioquia
5579,puerto_berrio,antioquia
5585,puerto_nare,antioquia
5591,puerto_triunfo,antioquia
5604,remedios,antioquia
5607,retiro,antioquia
5615,rionegro,antioquia
5628,sabanalarga,antioquia
5631,sabaneta,antioquia
5642,salgar,antioquia
5647,san_andres_de_cuerquia,antioquia
5649,san_carlos,antioquia
5652,san_francisco,antioquia
5656,san_jeronimo,antioquia
5658,san_jose_de_la_montana,antioquia
5659,san_juan_de_uraba,antioquia
5660,san_luis,antioquia
5664,san_pedro_de_los_milagros,antioquia
5665,san_pedro_de_uraba,antioquia
5667,san_rafael,antioquia
5670,san_roque,antioquia
5674,san_vicente,antioquia
5679,santa_barbara,antioquia
5686,santa_rosa_de_osos,antioquia
5690,santo_domingo,antioquia
5697,el_santuario,antioquia
5736,segovia,antioquia
5756,sonson,antioquia
5761,sopetran,antioquia
5789,tamesis,antioquia
5790,taraza,antioquia
5792,tarso,antioquia
5809,titiribi,antioquia
5819,toledo,antioquia
5837,turbo,antioquia
5842,uramita,antioquia
5847,urrao,antioquia
5854,valdivia,antioquia
5856,valparaiso,antioquia
5858,vegachi,antioquia
5861,venecia,antioquia
5873,vigia_del_fuerte,antioquia
5885,yali,antioquia
5887,yarumal,antioquia
5890,yolombo,antioquia
5893,yondo,antioquia
5895,zaragoza,antioquia
81001,arauca,arauca
81065,arauquita,arauca
81220,cravo_norte,arauca
81300,fortul,arauca
81591,puerto_rondon,arauca
81736,saravena,arauca
81794,tame,arauca
8001,barranquilla,atlantico
8078,baranoa,atlantico
8137,campo_de_la_cruz,atlantico
8141,candelaria,atlantico
8296,galapa,atlantico
8372,juan_de_acosta,atlantico
8421,luruaco,atlantico
8433,malambo,atlantico
8436,manati,atlantico
8520,palmar_de_varela,atlantico
8549,piojo,atlantico
8558,polonuevo,atlantico
8560,ponedera,atlantico
8573,puerto_colombia,atlantico
8606,repelon,atlantico
8634,sabanagrande,atlantico
8638,sabanalarga,atlantico
8675,santa_lucia,atlantico
8685,santo_tomas,atlantico
8758,soledad,atlantico
8770,suan,atlantico
8832,tubara,atlantico
8849,usiacuri,atlantico
11001,bogota_d.c.,bogota
13001,cartagena,bolivar
13006,achi,bolivar
13030,altos_del_rosario,bolivar
13042,arenal,bolivar
13052,arjona,bolivar
13062,arroyohondo,bolivar
13074,barranco_de_loba,bolivar
13140,calamar,bolivar
13160,cantagallo,bolivar
13188,cicuco,bolivar
13212,cordoba,bolivar
13222,clemencia,bolivar
13244,el_carmen_de_bolivar,bolivar
13248,el_guamo,bolivar
13268,el_penon,bolivar
13300,hatillo_de_loba,bolivar
13430,magangue,bolivar
13433,mahates,bolivar
13440,margarita,bolivar
13442,maria_la_baja,bolivar
13458,montecristo,bolivar
13468,mompos,bolivar
13473,morales,bolivar
13490,norosi,bolivar
13549,pinillos,bolivar
13580,regidor,bolivar
13600,rio_viejo,bolivar
13620,san_cristobal,bolivar
13647,san_estanislao,bolivar
13650,san_fernando,bolivar
13654,san_jacinto,bolivar
13655,san_jacinto_del_cauca,bolivar
13657,san_juan_nepomuceno,bolivar
13667,san_martin_de_loba,bolivar
13670,san_pablo,bolivar
13673,santa_catalina,bolivar
13683,santa_rosa,bolivar
13688,santa_rosa_del_sur,bolivar
13744,simiti,bolivar
13760,soplaviento,bolivar
13780,talaigua_nuevo,bolivar
13810,tiquisio,bolivar
13836,turbaco,bolivar
13838,turbana,bolivar
13873,villanueva,bolivar
13894,zambrano,bolivar
15001,tunja,boyaca
15022,almeida,boyaca
15047,aquitania,boyaca
15051,arcabuco,boyaca
15087,belen,boyaca
15090,berbeo,boyaca
15092,beteitiva,boyaca
15097,boavita,boyaca
15104,boyaca,boyaca
15106,briceno,boyaca
15109,buenavista,boyaca
15114,busbanza,boyaca
15131,caldas,boyaca
15135,campohermoso,boyaca
15162,cerinza,boyaca
15172,chinavita,boyaca
15176,chiquinquira,boyaca
15180,chiscas,boyaca
15183,chita,boyaca
15185,chitaraque,boyaca
15187,chivata,boyaca
15189,cienega,boyaca
15204,combita,boyaca
15212,coper,boyaca
15215,corrales,boyaca
15218,covarachia,boyaca
15223,cubara,boyaca
15224,cucaita,boyaca
15226,cuitiva,boyaca
15232,chiquiza,boyaca
15236,chivor,boyaca
15238,duitama,boyaca
15244,el_cocuy,boyaca
15248,el_espino,boyaca
15272,firavitoba,boyaca
15276,floresta,boyaca
15293,gachantiva,boyaca
15296,gameza,boyaca
15299,garagoa,boyaca
15317,guacamayas,boyaca
15322,guateque,boyaca
15325,guayata,boyaca
15332,güican,boyaca
15362,iza,boyaca
15367,jenesano,boyaca
15368,jerico,boyaca
15377,labranzagrande,boyaca
15380,la_capilla,boyaca
15401,la_victoria,boyaca
15403,la_uvita,boyaca
15407,villa_de_leyva,boyaca
15425,macanal,boyaca
15442,maripi,boyaca
15455,miraflores,boyaca
15464,mongua,boyaca
15466,mongui,boyaca
15469,moniquira,boyaca
15476,motavita,boyaca
15480,muzo,boyaca
15491,nobsa,boyaca
15494,nuevo_colon,boyaca
15500,oicata,boyaca
15507,otanche,boyaca
15511,pachavita,boyaca
15514,paez,boyaca
15516,paipa,boyaca
15518,pajarito,boyaca
15522,panqueba,boyaca
15531,pauna,boyaca
15533,paya,boyaca
15537,paz_de_rio,boyaca
15542,pesca,boyaca
15550,pisba,boyaca
15572,puerto_boyaca,boyaca
15580,quipama,boyaca
15599,ramiriqui,boyaca
15600,raquira,boyaca
15621,rondon,boyaca
15632,saboya,boyaca
15638,sachica,boyaca
15646,samaca,boyaca
15660,san_eduardo,boyaca
15664,san_jose_de_pare,boyaca
15667,san_luis_de_gaceno,boyaca
15673,san_mateo,boyaca
15676,san_miguel_de_sema,boyaca
15681,san_pablo_de_borbur,boyaca
15686,santana,boyaca
15690,santa_maria,boyaca
15693,santa_rosa_de_viterbo,boyaca
15696,santa_sofia,boyaca
15720,sativanorte,boyaca
15723,sativasur,boyaca
15740,siachoque,boyaca
15753,soata,boyaca
15755,socota,boyaca
15757,socha,boyaca
15759,sogamoso,boyaca
15761,somondoco,boyaca
15762,sora,boyaca
15763,sotaquira,boyaca
15764,soraca,boyaca
15774,susacon,boyaca
15776,sutamarchan,boyaca
15778,sutatenza,boyaca
15790,tasco,boyaca
15798,tenza,boyaca
15804,tibana,boyaca
15806,tibasosa,boyaca
15808,tinjaca,boyaca
15810,tipacoque,boyaca
15814,toca,boyaca
15816,togüi,boyaca
15820,topaga,boyaca
15822,tota,boyaca
15832,tunungua,boyaca
15835,turmeque,boyaca
15837,tuta,boyaca
15839,tutaza,boyaca
15842,umbita,boyaca
15861,ventaquemada,boyaca
15879,viracacha,boyaca
15897,zetaquira,boyaca
17001,manizales,caldas
17013,aguadas,caldas
17042,anserma,caldas
17050,aranzazu,caldas
17088,belalcazar,caldas
17174,chinchina,caldas
17272,filadelfia,caldas
17380,la_dorada,caldas
17388,la_merced,caldas
17433,manzanares,caldas
17442,marmato,caldas
17444,marquetalia,caldas
17446,marulanda,caldas
17486,neira,caldas
17495,norcasia,caldas
17513,pacora,caldas
17524,palestina,caldas
17541,pensilvania,caldas
17614,riosucio,caldas
17616,risaralda,caldas
17653,salamina,caldas
17662,samana,caldas
17665,san_jose,caldas
17777,supia,caldas
17867,victoria,caldas
17873,villamaria,caldas
17877,viterbo,caldas
18001,florencia,caqueta
18029,albania,caqueta
18094,belen_de_los_andaquies,caqueta
18150,cartagena_del_chaira,caqueta
18205,curillo,caqueta
18247,el_doncello,caqueta
18256,el_paujil,caqueta
18410,la_montanita,caqueta
18460,milan,caqueta
18479,morelia,caqueta
18592,puerto_rico,caqueta
18610,san_jose_del_fragua,caqueta
18753,san_vicente_del_caguan,caqueta
18756,solano,caqueta
18785,solita,caqueta
18860,valparaiso,caqueta
85001,yopal,casanare
85010,aguazul,casanare
85015,chameza,casanare
85125,hato_corozal,casanare
85136,la_salina,casanare
85139,mani,casanare
85162,monterrey,casanare
85225,nunchia,casanare
85230,orocue,casanare
85250,paz_de_ariporo,casanare
85263,pore,casanare
85279,recetor,casanare
85300,sabanalarga,casanare
85315,sacama,casanare
85325,san_luis_de_palenque,casanare
85400,tamara,casanare
85410,tauramena,casanare
85430,trinidad,casanare
85440,villanueva,casanare
19001,popayan,cauca
19022,almaguer,cauca
19050,argelia,cauca
19075,balboa,cauca
19100,bolivar,cauca
19110,buenos_aires,cauca
19130,cajibio,cauca
19137,caldono,cauca
19142,caloto,cauca
19212,corinto,cauca
19256,el_tambo,cauca
19290,florencia,cauca
19300,guachene,cauca
19318,guapi,cauca
19355,inza,cauca
19364,jambalo,cauca
19392,la_sierra,cauca
19397,la_vega,cauca
19418,lopez,cauca
19450,mercaderes,cauca
19455,miranda,cauca
19473,morales,cauca
19513,padilla,cauca
19517,paez,cauca
19532,patia,cauca
19533,piamonte,cauca
19548,piendamo,cauca
19573,puerto_tejada,cauca
19585,purace,cauca
19622,rosas,cauca
19693,san_sebastian,cauca
19698,santander_de_quilichao,cauca
19701,santa_rosa,cauca
19743,silvia,cauca
19760,sotara,cauca
19780,suarez,cauca
19785,sucre,cauca
19807,timbio,cauca
19809,timbiqui,cauca
19821,toribio,cauca
19824,totoro,cauca
19845,villa_rica,cauca
20001,valledupar,cesar
20011,aguachica,cesar
20013,agustin_codazzi,cesar
20032,astrea,cesar
20045,becerril,cesar
20060,bosconia,cesar
20175,chimichagua,cesar
20178,chiriguana,cesar
20228,curumani,cesar
20238,el_copey,cesar
20250,el_paso,cesar
20295,gamarra,cesar
20310,gonzalez,cesar
20383,la_gloria,cesar
20400,la_jagua_de_ibirico,cesar
20443,manaure,cesar
20517,pailitas,cesar
20550,pelaya,cesar
20570,pueblo_bello,cesar
20614,rio_de_oro,cesar
20621,la_paz,cesar
20710,san_alberto,cesar
20750,san_diego,cesar
20770,san_martin,cesar
20787,tamalameque,cesar
27001,quibdo,choco
27006,acandi,choco
27025,alto_baudo,choco
27050,atrato,choco
27073,bagado,choco
27075,bahia_solano,choco
27077,bajo_baudo,choco
27099,bojaya,choco
27135,el_canton_del_san_pablo,choco
27150,carmen_del_darien,choco
27160,certegui,choco
27205,condoto,choco
27245,el_carmen_de_atrato,choco
27250,el_litoral_del_san_juan,choco
27361,istmina,choco
27372,jurado,choco
27413,lloro,choco
27425,medio_atrato,choco
27430,medio_baudo,choco
27450,medio_san_juan,choco
27491,novita,choco
27495,nuqui,choco
27580,rio_iro,choco
27600,rio_quito,choco
27615,riosucio,choco
27660,san_jose_del_palmar,choco
27745,sipi,choco
27787,tado,choco
27800,unguia,choco
27810,union_panamericana,choco
23001,monteria,cordoba
23068,ayapel,cordoba
23079,buenavista,cordoba
23090,canalete,cordoba
23162,cerete,cordoba
23168,chima,cordoba
23182,chinu,cordoba
23189,cienaga_de_oro,cordoba
23300,cotorra,cordoba
23350,la_apartada,cordoba
23417,lorica,cordoba
23419,los_cordobas,cordoba
23464,momil,cordoba
23466,montelibano,cordoba
23500,monitos,cordoba
23555,planeta_rica,cordoba
23570,pueblo_nuevo,cordoba
23574,puerto_escondido,cordoba
23580,puerto_libertador,cordoba
23586,purisima,cordoba
23660,sahagun,cordoba
23670,san_andres_sotavento,cordoba
23672,san_antero,cordoba
23675,san_bernardo_del_viento,cordoba
23678,san_carlos,cordoba
23682,san_jose_de_ure,cordoba
23686,san_pelayo,cordoba
23807,tierralta,cordoba
23815,tuchin,cordoba
23855,valencia,cordoba
25001,agua_de_dios,cundinamarca
25019,alban,cundinamarca
25035,anapoima,cundinamarca
25040,anolaima,cundinamarca
25053,arbelaez,cundinamarca
25086,beltran,cundinamarca
25095,bituima,cundinamarca
25099,bojaca,cundinamarca
25120,cabrera,cundinamarca
25123,cachipay,cundinamarca
25126,cajica,cundinamarca
25148,caparrapi,cundinamarca
25151,caqueza,cundinamarca
25154,carmen_de_carupa,cundinamarca
25168,chaguani,cundinamarca
25175,chia,cundinamarca
25178,chipaque,cundinamarca
25181,choachi,cundinamarca
25183,choconta,cundinamarca
25200,cogua,cundinamarca
25214,cota,cundinamarca
25224,cucunuba,cundinamarca
25245,el_colegio,cundinamarca
25258,el_penon,cundinamarca
25260,el_rosal,cundinamarca
25269,facatativa,cundinamarca
25279,fomeque,cundinamarca
25281,fosca,cundinamarca
25286,funza,cundinamarca
25288,fuquene,cundinamarca
25290,fusagasuga,cundinamarca
25293,gachala,cundinamarca
25295,gachancipa,cundinamarca
25297,gacheta,cundinamarca
25299,gama,cundinamarca
25307,girardot,cundinamarca
25312,granada,cundinamarca
25317,guacheta,cundinamarca
25320,guaduas,cundinamarca
25322,guasca,cundinamarca
25324,guataqui,cundinamarca
25326,guatavita,cundinamarca
25328,guayabal_de_siquima,cundinamarca
25335,guayabetal,cundinamarca
25339,gutierrez,cundinamarca
25368,jerusalen,cundinamarca
25372,junin,cundinamarca
25377,la_calera,cundinamarca
25386,la_mesa,cundinamarca
25394,la_palma,cundinamarca
25398,la_pena,cundinamarca
25402,la_vega,cundinamarca
25407,lenguazaque,cundinamarca
25426,macheta,cundinamarca
25430,madrid,cundinamarca
25436,manta,cundinamarca
25438,medina,cundinamarca
25473,mosquera,cundinamarca
25483,narino,cundinamarca
25486,nemocon,cundinamarca
25488,nilo,cundinamarca
25489,nimaima,cundinamarca
25491,nocaima,cundinamarca
25506,venecia,cundinamarca
25513,pacho,cundinamarca
25518,paime,cundinamarca
25524,pandi,cundinamarca
25530,paratebueno,cundinamarca
25535,pasca,cundinamarca
25572,puerto_salgar,cundinamarca
25580,puli,cundinamarca
25592,quebradanegra,cundinamarca
25594,quetame,cundinamarca
25596,quipile,cundinamarca
25599,apulo,cundinamarca
25612,ricaurte,cundinamarca
25645,san_antonio_del_tequendama,cundinamarca
25649,san_bernardo,cundinamarca
25653,san_cayetano,cundinamarca
25658,san_francisco,cundinamarca
25662,san_juan_de_rio_seco,cundinamarca
25718,sasaima,cundinamarca
25736,sesquile,cundinamarca
25740,sibate,cundinamarca
25743,silvania,cundinamarca
25745,simijaca,cundinamarca
25754,soacha,cundinamarca
25758,sopo,cundinamarca
25769,subachoque,cundinamarca
25772,suesca,cundinamarca
25777,supata,cundinamarca
25779,susa,cundinamarca
25781,sutatausa,cundinamarca
25785,tabio,cundinamarca
25793,tausa,cundinamarca
25797,tena,cundinamarca
25799,tenjo,cundinamarca
25805,tibacuy,cundinamarca
25807,tibirita,cundinamarca
25815,tocaima,cundinamarca
25817,tocancipa,cundinamarca
25823,topaipi,cundinamarca
25839,ubala,cundinamarca
25841,ubaque,cundinamarca
25843,villa_de_san_diego_de_ubate,cundinamarca
25845,une,cundinamarca
25851,utica,cundinamarca
25862,vergara,cundinamarca
25867,viani,cundinamarca
25871,villagomez,cundinamarca
25873,villapinzon,cundinamarca
25875,villeta,cundinamarca
25878,viota,cundinamarca
25885,yacopi,cundinamarca
25898,zipacon,cundinamarca
25899,zipaquira,cundinamarca
94001,inirida,guainia
94343,barranco_minas,guainia
94663,mapiripana,guainia
94883,san_felipe,guainia
94884,puerto_colombia,guainia
94885,la_guadalupe,guainia
94886,cacahual,guainia
94887,pana_pana,guainia
94888,morichal,guainia
95001,san_jose_del_guaviare,guaviare
95015,calamar,guaviare
95025,el_retorno,guaviare
95200,miraflores,guaviare
41001,neiva,huila
41006,acevedo,huila
41013,agrado,huila
41016,aipe,huila
41020,algeciras,huila
41026,altamira,huila
41078,baraya,huila
41132,campoalegre,huila
41206,colombia,huila
41244,elias,huila
41298,garzon,huila
41306,gigante,huila
41319,guadalupe,huila
41349,hobo,huila
41357,iquira,huila
41359,isnos,huila
41378,la_argentina,huila
41396,la_plata,huila
41483,nataga,huila
41503,oporapa,huila
41518,paicol,huila
41524,palermo,huila
41530,palestina,huila
41548,pital,huila
41551,pitalito,huila
41615,rivera,huila
41660,saladoblanco,huila
41668,san_agustin,huila
41676,santa_maria,huila
41770,suaza,huila
41791,tarqui,huila
41797,tesalia,huila
41799,tello,huila
41801,teruel,huila
41807,timana,huila
41872,villavieja,huila
41885,yaguara,huila
44001,riohacha,la_guajira
44035,albania,la_guajira
44078,barrancas,la_guajira
44090,dibulla,la_guajira
44098,distraccion,la_guajira
44110,el_molino,la_guajira
44279,fonseca,la_guajira
44378,hatonuevo,la_guajira
44420,la_jagua_del_pilar,la_guajira
44430,maicao,la_guajira
44560,manaure,la_guajira
44650,san_juan_del_cesar,la_guajira
44847,uribia,la_guajira
44855,urumita,la_guajira
44874,villanueva,la_guajira
47001,santa_marta,magdalena
47030,algarrobo,magdalena
47053,aracataca,magdalena
47058,ariguani,magdalena
47161,cerro_san_antonio,magdalena
47170,chivolo,magdalena
47189,cienaga,magdalena
47205,concordia,magdalena
47245,el_banco,magdalena
47258,el_pinon,magdalena
47268,el_reten,magdalena
47288,fundacion,magdalena
47318,guamal,magdalena
47460,nueva_granada,magdalena
47541,pedraza,magdalena
47545,pijino_del_carmen,magdalena
47551,pivijay,magdalena
47555,plato,magdalena
47570,puebloviejo,magdalena
47605,remolino,magdalena
47660,sabanas_de_san_angel,magdalena
47675,salamina,magdalena
47692,san_sebastian_de_buenavista,magdalena
47703,san_zenon,magdalena
47707,santa_ana,magdalena
47720,santa_barbara_de_pinto,magdalena
47745,sitionuevo,magdalena
47798,tenerife,magdalena
47960,zapayan,magdalena
47980,zona_bananera,magdalena
50001,villavicencio,meta
50006,acacias,meta
50110,barranca_de_upia,meta
50124,cabuyaro,meta
50150,castilla_la_nueva,meta
50223,cubarral,meta
50226,cumaral,meta
50245,el_calvario,meta
50251,el_castillo,meta
50270,el_dorado,meta
50287,fuente_de_oro,meta
50313,granada,meta
50318,guamal,meta
50325,mapiripan,meta
50330,mesetas,meta
50350,la_macarena,meta
50370,uribe,meta
50400,lejanias,meta
50450,puerto_concordia,meta
50568,puerto_gaitan,meta
50573,puerto_lopez,meta
50577,puerto_lleras,meta
50590,puerto_rico,meta
50606,restrepo,meta
50680,san_carlos_de_guaroa,meta
50683,san_juan_de_arama,meta
50686,san_juanito,meta
50689,san_martin,meta
50711,vistahermosa,meta
52001,pasto,narino
52019,alban,narino
52022,aldana,narino
52036,ancuya,narino
52051,arboleda,narino
52079,barbacoas,narino
52083,belen,narino
52110,buesaco,narino
52203,colon,narino
52207,consaca,narino
52210,contadero,narino
52215,cordoba,narino
52224,cuaspud,narino
52227,cumbal,narino
52233,cumbitara,narino
52240,chachagüi,narino
52250,el_charco,narino
52254,el_penol,narino
52256,el_rosario,narino
52258,el_tablon_de_gomez,narino
52260,el_tambo,narino
52287,funes,narino
52317,guachucal,narino
52320,guaitarilla,narino
52323,gualmatan,narino
52352,iles,narino
52354,imues,narino
52356,ipiales,narino
52378,la_cruz,narino
52381,la_florida,narino
52385,la_llanada,narino
52390,la_tola,narino
52399,la_union,narino
52405,leiva,narino
52411,linares,narino
52418,los_andes,narino
52427,magüi,narino
52435,mallama,narino
52473,mosquera,narino
52480,narino,narino
52490,olaya_herrera,narino
52506,ospina,narino
52520,francisco_pizarro,narino
52540,policarpa,narino
52560,potosi,narino
52565,providencia,narino
52573,puerres,narino
52585,pupiales,narino
52612,ricaurte,narino
52621,roberto_payan,narino
52678,samaniego,narino
52683,sandona,narino
52685,san_bernardo,narino
52687,san_lorenzo,narino
52693,san_pablo,narino
52694,san_pedro_de_cartago,narino
52696,santa_barbara,narino
52699,santacruz,narino
52720,sapuyes,narino
52786,taminango,narino
52788,tangua,narino
52835,san_andres_de_tumaco,narino
52838,tuquerres,narino
52885,yacuanquer,narino
54001,cucuta,norte_de_santander
54003,abrego,norte_de_santander
54051,arboledas,norte_de_santander
54099,bochalema,norte_de_santander
54109,bucarasica,norte_de_santander
54125,cacota,norte_de_santander
54128,cachira,norte_de_santander
54172,chinacota,norte_de_santander
54174,chitaga,norte_de_santander
54206,convencion,norte_de_santander
54223,cucutilla,norte_de_santander
54239,durania,norte_de_santander
54245,el_carmen,norte_de_santander
54250,el_tarra,norte_de_santander
54261,el_zulia,norte_de_santander
54313,gramalote,norte_de_santander
54344,hacari,norte_de_santander
54347,herran,norte_de_santander
54377,labateca,norte_de_santander
54385,la_esperanza,norte_de_santander
54398,la_playa,norte_de_santander
54405,los_patios,norte_de_santander
54418,lourdes,norte_de_santander
54480,mutiscua,norte_de_santander
54498,ocana,norte_de_santander
54518,pamplona,norte_de_santander
54520,pamplonita,norte_de_santander
54553,puerto_santander,norte_de_santander
54599,ragonvalia,norte_de_santander
54660,salazar,norte_de_santander
54670,san_calixto,norte_de_santander
54673,san_cayetano,norte_de_santander
54680,santiago,norte_de_santander
54720,sardinata,norte_de_santander
54743,silos,norte_de_santander
54800,teorama,norte_de_santander
54810,tibu,norte_de_santander
54820,toledo,norte_de_santander
54871,villa_caro,norte_de_santander
54874,villa_del_rosario,norte_de_santander
86001,mocoa,putumayo
86219,colon,putumayo
86320,orito,putumayo
86568,puerto_asis,putumayo
86569,puerto_caicedo,putumayo
86571,puerto_guzman,putumayo
86573,puerto_leguizamo,putumayo
86749,sibundoy,putumayo
86755,san_francisco,putumayo
86757,san_miguel,putumayo
86760,santiago,putumayo
86865,valle_del_guamuez,putumayo
86885,villagarzon,putumayo
63001,armenia,quindio
63111,buenavista,quindio
63130,calarca,quindio
63190,circasia,quindio
63212,cordoba,quindio
63272,filandia,quindio
63302,genova,quindio
63401,la_tebaida,quindio
63470,montenegro,quindio
63548,pijao,quindio
63594,quimbaya,quindio
63690,salento,quindio
66001,pereira,risaralda
66045,apia,risaralda
66075,balboa,risaralda
66088,belen_de_umbria,risaralda
66170,dosquebradas,risaralda
66318,guatica,risaralda
66383,la_celia,risaralda
66400,la_virginia,risaralda
66440,marsella,risaralda
66456,mistrato,risaralda
66572,pueblo_rico,risaralda
66594,quinchia,risaralda
66682,santa_rosa_de_cabal,risaralda
66687,santuario,risaralda
88001,san_andres,san_andres
88564,providencia,san_andres
68001,bucaramanga,santander
68013,aguada,santander
68020,albania,santander
68051,aratoca,santander
68077,barbosa,santander
68079,barichara,santander
68081,barrancabermeja,santander
68092,betulia,santander
68101,bolivar,santander
68121,cabrera,santander
68132,california,santander
68147,capitanejo,santander
68152,carcasi,santander
68160,cepita,santander
68162,cerrito,santander
68167,charala,santander
68169,charta,santander
68176,chima,santander
68179,chipata,santander
68190,cimitarra,santander
68207,concepcion,santander
68209,confines,santander
68211,contratacion,santander
68217,coromoro,santander
68229,curiti,santander
68235,el_carmen_de_chucuri,santander
68245,el_guacamayo,santander
68250,el_penon,santander
68255,el_playon,santander
68264,encino,santander
68266,enciso,santander
68271,florian,santander
68276,floridablanca,santander
68296,galan,santander
68298,gambita,santander
68307,giron,santander
68318,guaca,santander
68320,guadalupe,santander
68322,guapota,santander
68324,guavata,santander
68327,güepsa,santander
68344,hato,santander
68368,jesus_maria,santander
68370,jordan,santander
68377,la_belleza,santander
68385,landazuri,santander
68397,la_paz,santander
68406,lebrija,santander
68418,los_santos,santander
68425,macaravita,santander
68432,malaga,santander
68444,matanza,santander
68464,mogotes,santander
68468,molagavita,santander
68498,ocamonte,santander
68500,oiba,santander
68502,onzaga,santander
68522,palmar,santander
68524,palmas_del_socorro,santander
68533,paramo,santander
68547,piedecuesta,santander
68549,pinchote,santander
68572,puente_nacional,santander
68573,puerto_parra,santander
68575,puerto_wilches,santander
68615,rionegro,santander
68655,sabana_de_torres,santander
68669,san_andres,santander
68673,san_benito,santander
68679,san_gil,santander
68682,san_joaquin,santander
68684,san_jose_de_miranda,santander
68686,san_miguel,santander
68689,san_vicente_de_chucuri,santander
68705,santa_barbara,santander
68720,santa_helena_del_opon,santander
68745,simacota,santander
68755,socorro,santander
68770,suaita,santander
68773,sucre,santander
68780,surata,santander
68820,tona,santander
68855,valle_de_san_jose,santander
68861,velez,santander
68867,vetas,santander
68872,villanueva,santander
68895,zapatoca,santander
70001,sincelejo,sucre
70110,buenavista,sucre
70124,caimito,sucre
70204,coloso,sucre
70215,corozal,sucre
70221,covenas,sucre
70230,chalan,sucre
70233,el_roble,sucre
70235,galeras,sucre
70265,guaranda,sucre
70400,la_union,sucre
70418,los_palmitos,sucre
70429,majagual,sucre
70473,morroa,sucre
70508,ovejas,sucre
70523,palmito,sucre
70670,sampues,sucre
70678,san_benito_abad,sucre
70702,san_juan_de_betulia,sucre
70708,san_marcos,sucre
70713,san_onofre,sucre
70717,san_pedro,sucre
70742,san_luis_de_since,sucre
70771,sucre,sucre
70820,santiago_de_tolu,sucre
70823,tolu_viejo,sucre
73001,ibague,tolima
73024,alpujarra,tolima
73026,alvarado,tolima
73030,ambalema,tolima
73043,anzoategui,tolima
73055,armero,tolima
73067,ataco,tolima
73124,cajamarca,tolima
73148,carmen_de_apicala,tolima
73152,casabianca,tolima
73168,chaparral,tolima
73200,coello,tolima
73217,coyaima,tolima
73226,cunday,tolima
73236,dolores,tolima
73268,espinal,tolima
73270,falan,tolima
73275,flandes,tolima
73283,fresno,tolima
73319,guamo,tolima
73347,herveo,tolima
73349,honda,tolima
73352,icononzo,tolima
73408,lerida,tolima
73411,libano,tolima
73443,san_sebastian_de_mariquita,tolima
73449,melgar,tolima
73461,murillo,tolima
73483,natagaima,tolima
73504,ortega,tolima
73520,palocabildo,tolima
73547,piedras,tolima
73555,planadas,tolima
73563,prado,tolima
73585,purificacion,tolima
73616,rioblanco,tolima
73622,roncesvalles,tolima
73624,rovira,tolima
73671,saldana,tolima
73675,san_antonio,tolima
73678,san_luis,tolima
73686,santa_isabel,tolima
73770,suarez,tolima
73854,valle_de_san_juan,tolima
73861,venadillo,tolima
73870,villahermosa,tolima
73873,villarrica,tolima
76001,cali,valle
76020,alcala,valle
76036,andalucia,valle
76041,ansermanuevo,valle
76054,argelia,valle
76100,bolivar,valle
76109,buenaventura,valle
76111,guadalajara_de_buga,valle
76113,bugalagrande,valle
76122,caicedonia,valle
76126,calima,valle
76130,candelaria,valle
76147,cartago,valle
76233,dagua,valle
76243,el_aguila,valle
76246,el_cairo,valle
76248,el_cerrito,valle
76250,el_dovio,valle
76275,florida,valle
76306,ginebra,valle
76318,guacari,valle
76364,jamundi,valle
76377,la_cumbre,valle
76400,la_union,valle
76403,la_victoria,valle
76497,obando,valle
76520,palmira,valle
76563,pradera,valle
76606,restrepo,valle
76616,riofrio,valle
76622,roldanillo,valle
76670,san_pedro,valle
76736,sevilla,valle
76823,toro,valle
76828,trujillo,valle
76834,tulua,valle
76845,ulloa,valle
76863,versalles,valle
76869,vijes,valle
76890,yotoco,valle
76892,yumbo,valle
76895,zarzal,valle
97001,mitu,vaupes
97161,caruru,vaupes
97511,pacoa,vaupes
97666,taraira,vaupes
97777,papunaua,vaupes
97889,yavarate,vaupes
99001,puerto_carreno,vichada
99524,la_primavera,vichada
99624,santa_rosalia,vichada
99773,cumaribo,vichada
